[
  {
    "name": "Account1",
    "id": "235307",
    "type": "HCO",
    "territory": "South",
    "speciality": "Speciality9"
  },
  {
    "name": "Account2",
    "id": "933482",
    "type": "HCO",
    "territory": "South",
    "speciality": "Speciality8"
  },
  {
    "name": "Account3",
    "id": "975797",
    "type": "HCP",
    "territory": "East",
    "speciality": "Speciality4"
  },
  {
    "name": "Account4",
    "id": "151294",
    "type": "HCP",
    "territory": "East",
    "speciality": "Speciality0"
  },
  {
    "name": "Account5",
    "id": "211514",
    "type": "HCP",
    "territory": "South",
    "speciality": "Speciality3"
  },
  {
    "name": "Account6",
    "id": "196453",
    "type": "HCO",
    "territory": "East",
    "speciality": "Speciality7"
  },
  {
    "name": "Account7",
    "id": "885756",
    "type": "HCP",
    "territory": "South",
    "speciality": "Speciality1"
  },
  {
    "name": "Account8",
    "id": "788303",
    "type": "HCO",
    "territory": "East",
    "speciality": "Speciality1"
  },
  {
    "name": "Account9",
    "id": "467290",
    "type": "HCO",
    "territory": "South",
    "speciality": "Speciality0"
  },
  {
    "name": "Account10",
    "id": "248560",
    "type": "HCP",
    "territory": "South",
    "speciality": "Speciality1"
  },
  {
    "name": "Account11",
    "id": "591405",
    "type": "HCP",
    "territory": "South",
    "speciality": "Speciality0"
  },
  {
    "name": "Account12",
    "id": "370064",
    "type": "HCP",
    "territory": "North",
    "speciality": "Speciality0"
  },
  {
    "name": "Account13",
    "id": "684283",
    "type": "HCP",
    "territory": "East",
    "speciality": "Speciality0"
  },
  {
    "name": "Account14",
    "id": "510275",
    "type": "HCP",
    "territory": "North",
    "speciality": "Speciality0"
  },
  {
    "name": "Account15",
    "id": "962843",
    "type": "HCP",
    "territory": "South",
    "speciality": "Speciality0"
  },
  {
    "name": "Account16",
    "id": "130886",
    "type": "HCP",
    "territory": "West",
    "speciality": "Speciality1"
  },
  {
    "name": "Account17",
    "id": "942451",
    "type": "HCO",
    "territory": "North",
    "speciality": "Speciality0"
  },
  {
    "name": "Account18",
    "id": "136752",
    "type": "HCO",
    "territory": "East",
    "speciality": "Speciality8"
  },
  {
    "name": "Account19",
    "id": "262387",
    "type": "HCP",
    "territory": "South",
    "speciality": "Speciality8"
  },
  {
    "name": "Account20",
    "id": "324064",
    "type": "HCP",
    "territory": "West",
    "speciality": "Speciality8"
  },
  {
    "name": "Account21",
    "id": "234639",
    "type": "HCP",
    "territory": "North",
    "speciality": "Speciality9"
  },
  {
    "name": "Account22",
    "id": "800175",
    "type": "HCP",
    "territory": "East",
    "speciality": "Speciality7"
  },
  {
    "name": "Account23",
    "id": "642869",
    "type": "HCO",
    "territory": "North",
    "speciality": "Speciality9"
  },
  {
    "name": "Account24",
    "id": "606964",
    "type": "HCP",
    "territory": "East",
    "speciality": "Speciality7"
  },
  {
    "name": "Account25",
    "id": "701755",
    "type": "HCP",
    "territory": "East",
    "speciality": "Speciality2"
  },
  {
    "name": "Account26",
    "id": "971670",
    "type": "HCP",
    "territory": "North",
    "speciality": "Speciality0"
  },
  {
    "name": "Account27",
    "id": "381229",
    "type": "HCO",
    "territory": "East",
    "speciality": "Speciality4"
  },
  {
    "name": "Account28",
    "id": "290122",
    "type": "HCO",
    "territory": "North",
    "speciality": "Speciality0"
  },
  {
    "name": "Account29",
    "id": "936252",
    "type": "HCP",
    "territory": "South",
    "speciality": "Speciality1"
  },
  {
    "name": "Account30",
    "id": "322498",
    "type": "HCP",
    "territory": "South",
    "speciality": "Speciality7"
  },
  {
    "name": "Account31",
    "id": "1324",
    "type": "HCO",
    "territory": "South",
    "speciality": "Speciality6"
  },
  {
    "name": "Account32",
    "id": "767979",
    "type": "HCP",
    "territory": "East",
    "speciality": "Speciality1"
  },
  {
    "name": "Account33",
    "id": "536516",
    "type": "HCP",
    "territory": "South",
    "speciality": "Speciality4"
  },
  {
    "name": "Account34",
    "id": "668891",
    "type": "HCP",
    "territory": "South",
    "speciality": "Speciality4"
  },
  {
    "name": "Account35",
    "id": "117663",
    "type": "HCP",
    "territory": "West",
    "speciality": "Speciality9"
  },
  {
    "name": "Account36",
    "id": "861201",
    "type": "HCP",
    "territory": "West",
    "speciality": "Speciality4"
  },
  {
    "name": "Account37",
    "id": "928296",
    "type": "HCP",
    "territory": "West",
    "speciality": "Speciality9"
  },
  {
    "name": "Account38",
    "id": "647962",
    "type": "HCO",
    "territory": "North",
    "speciality": "Speciality0"
  },
  {
    "name": "Account39",
    "id": "81636",
    "type": "HCP",
    "territory": "North",
    "speciality": "Speciality7"
  },
  {
    "name": "Account40",
    "id": "810305",
    "type": "HCP",
    "territory": "East",
    "speciality": "Speciality5"
  },
  {
    "name": "Account41",
    "id": "668410",
    "type": "HCP",
    "territory": "East",
    "speciality": "Speciality7"
  },
  {
    "name": "Account42",
    "id": "294050",
    "type": "HCP",
    "territory": "North",
    "speciality": "Speciality5"
  },
  {
    "name": "Account43",
    "id": "289401",
    "type": "HCO",
    "territory": "South",
    "speciality": "Speciality0"
  },
  {
    "name": "Account44",
    "id": "710969",
    "type": "HCO",
    "territory": "South",
    "speciality": "Speciality6"
  },
  {
    "name": "Account45",
    "id": "712069",
    "type": "HCO",
    "territory": "North",
    "speciality": "Speciality9"
  },
  {
    "name": "Account46",
    "id": "800327",
    "type": "HCO",
    "territory": "South",
    "speciality": "Speciality0"
  },
  {
    "name": "Account47",
    "id": "431448",
    "type": "HCP",
    "territory": "East",
    "speciality": "Speciality2"
  },
  {
    "name": "Account48",
    "id": "201617",
    "type": "HCP",
    "territory": "South",
    "speciality": "Speciality0"
  },
  {
    "name": "Account49",
    "id": "317959",
    "type": "HCO",
    "territory": "South",
    "speciality": "Speciality4"
  },
  {
    "name": "Account50",
    "id": "459406",
    "type": "HCO",
    "territory": "East",
    "speciality": "Speciality2"
  },
  {
    "name": "Account51",
    "id": "792769",
    "type": "HCO",
    "territory": "East",
    "speciality": "Speciality6"
  },
  {
    "name": "Account52",
    "id": "918660",
    "type": "HCP",
    "territory": "West",
    "speciality": "Speciality1"
  },
  {
    "name": "Account53",
    "id": "637303",
    "type": "HCP",
    "territory": "East",
    "speciality": "Speciality3"
  },
  {
    "name": "Account54",
    "id": "136811",
    "type": "HCO",
    "territory": "North",
    "speciality": "Speciality7"
  },
  {
    "name": "Account55",
    "id": "286081",
    "type": "HCO",
    "territory": "North",
    "speciality": "Speciality3"
  },
  {
    "name": "Account56",
    "id": "255544",
    "type": "HCO",
    "territory": "North",
    "speciality": "Speciality4"
  },
  {
    "name": "Account57",
    "id": "772971",
    "type": "HCO",
    "territory": "North",
    "speciality": "Speciality1"
  },
  {
    "name": "Account58",
    "id": "609747",
    "type": "HCP",
    "territory": "East",
    "speciality": "Speciality8"
  },
  {
    "name": "Account59",
    "id": "433148",
    "type": "HCP",
    "territory": "West",
    "speciality": "Speciality9"
  },
  {
    "name": "Account60",
    "id": "679941",
    "type": "HCP",
    "territory": "South",
    "speciality": "Speciality2"
  },
  {
    "name": "Account61",
    "id": "610789",
    "type": "HCO",
    "territory": "East",
    "speciality": "Speciality6"
  },
  {
    "name": "Account62",
    "id": "253215",
    "type": "HCO",
    "territory": "East",
    "speciality": "Speciality0"
  },
  {
    "name": "Account63",
    "id": "601470",
    "type": "HCP",
    "territory": "North",
    "speciality": "Speciality9"
  },
  {
    "name": "Account64",
    "id": "331105",
    "type": "HCP",
    "territory": "West",
    "speciality": "Speciality7"
  },
  {
    "name": "Account65",
    "id": "744821",
    "type": "HCP",
    "territory": "North",
    "speciality": "Speciality0"
  },
  {
    "name": "Account66",
    "id": "152053",
    "type": "HCO",
    "territory": "South",
    "speciality": "Speciality1"
  },
  {
    "name": "Account67",
    "id": "792421",
    "type": "HCP",
    "territory": "East",
    "speciality": "Speciality5"
  },
  {
    "name": "Account68",
    "id": "493391",
    "type": "HCO",
    "territory": "South",
    "speciality": "Speciality8"
  },
  {
    "name": "Account69",
    "id": "309823",
    "type": "HCO",
    "territory": "North",
    "speciality": "Speciality7"
  },
  {
    "name": "Account70",
    "id": "517699",
    "type": "HCO",
    "territory": "East",
    "speciality": "Speciality9"
  },
  {
    "name": "Account71",
    "id": "835991",
    "type": "HCO",
    "territory": "South",
    "speciality": "Speciality9"
  },
  {
    "name": "Account72",
    "id": "985159",
    "type": "HCP",
    "territory": "North",
    "speciality": "Speciality1"
  },
  {
    "name": "Account73",
    "id": "554106",
    "type": "HCO",
    "territory": "East",
    "speciality": "Speciality7"
  },
  {
    "name": "Account74",
    "id": "867359",
    "type": "HCP",
    "territory": "North",
    "speciality": "Speciality5"
  },
  {
    "name": "Account75",
    "id": "672094",
    "type": "HCO",
    "territory": "West",
    "speciality": "Speciality6"
  },
  {
    "name": "Account76",
    "id": "338416",
    "type": "HCP",
    "territory": "East",
    "speciality": "Speciality8"
  },
  {
    "name": "Account77",
    "id": "299883",
    "type": "HCP",
    "territory": "East",
    "speciality": "Speciality3"
  },
  {
    "name": "Account78",
    "id": "101053",
    "type": "HCO",
    "territory": "West",
    "speciality": "Speciality1"
  },
  {
    "name": "Account79",
    "id": "332064",
    "type": "HCO",
    "territory": "South",
    "speciality": "Speciality9"
  },
  {
    "name": "Account80",
    "id": "475218",
    "type": "HCP",
    "territory": "South",
    "speciality": "Speciality0"
  },
  {
    "name": "Account81",
    "id": "689792",
    "type": "HCP",
    "territory": "South",
    "speciality": "Speciality6"
  },
  {
    "name": "Account82",
    "id": "314654",
    "type": "HCP",
    "territory": "North",
    "speciality": "Speciality5"
  },
  {
    "name": "Account83",
    "id": "96820",
    "type": "HCP",
    "territory": "East",
    "speciality": "Speciality2"
  },
  {
    "name": "Account84",
    "id": "397172",
    "type": "HCP",
    "territory": "North",
    "speciality": "Speciality0"
  },
  {
    "name": "Account85",
    "id": "316058",
    "type": "HCO",
    "territory": "West",
    "speciality": "Speciality0"
  },
  {
    "name": "Account86",
    "id": "803716",
    "type": "HCO",
    "territory": "South",
    "speciality": "Speciality9"
  },
  {
    "name": "Account87",
    "id": "277597",
    "type": "HCP",
    "territory": "North",
    "speciality": "Speciality9"
  },
  {
    "name": "Account88",
    "id": "854984",
    "type": "HCO",
    "territory": "North",
    "speciality": "Speciality9"
  },
  {
    "name": "Account89",
    "id": "35098",
    "type": "HCP",
    "territory": "North",
    "speciality": "Speciality2"
  },
  {
    "name": "Account90",
    "id": "486593",
    "type": "HCP",
    "territory": "East",
    "speciality": "Speciality9"
  },
  {
    "name": "Account91",
    "id": "391518",
    "type": "HCP",
    "territory": "South",
    "speciality": "Speciality8"
  },
  {
    "name": "Account92",
    "id": "672630",
    "type": "HCP",
    "territory": "South",
    "speciality": "Speciality6"
  },
  {
    "name": "Account93",
    "id": "259727",
    "type": "HCO",
    "territory": "East",
    "speciality": "Speciality0"
  },
  {
    "name": "Account94",
    "id": "509493",
    "type": "HCP",
    "territory": "North",
    "speciality": "Speciality4"
  },
  {
    "name": "Account95",
    "id": "644329",
    "type": "HCP",
    "territory": "South",
    "speciality": "Speciality0"
  },
  {
    "name": "Account96",
    "id": "794462",
    "type": "HCO",
    "territory": "North",
    "speciality": "Speciality5"
  },
  {
    "name": "Account97",
    "id": "572201",
    "type": "HCP",
    "territory": "North",
    "speciality": "Speciality9"
  },
  {
    "name": "Account98",
    "id": "49376",
    "type": "HCP",
    "territory": "East",
    "speciality": "Speciality0"
  },
  {
    "name": "Account99",
    "id": "637333",
    "type": "HCO",
    "territory": "South",
    "speciality": "Speciality4"
  },
  {
    "name": "Account100",
    "id": "483509",
    "type": "HCO",
    "territory": "South",
    "speciality": "Speciality7"
  },
  {
    "name": "Account101",
    "id": "392989",
    "type": "HCP",
    "territory": "South",
    "speciality": "Speciality7"
  },
  {
    "name": "Account102",
    "id": "941223",
    "type": "HCO",
    "territory": "North",
    "speciality": "Speciality1"
  },
  {
    "name": "Account103",
    "id": "950656",
    "type": "HCP",
    "territory": "East",
    "speciality": "Speciality6"
  },
  {
    "name": "Account104",
    "id": "224155",
    "type": "HCP",
    "territory": "South",
    "speciality": "Speciality3"
  },
  {
    "name": "Account105",
    "id": "585552",
    "type": "HCO",
    "territory": "North",
    "speciality": "Speciality9"
  },
  {
    "name": "Account106",
    "id": "265664",
    "type": "HCO",
    "territory": "West",
    "speciality": "Speciality7"
  },
  {
    "name": "Account107",
    "id": "154574",
    "type": "HCO",
    "territory": "South",
    "speciality": "Speciality4"
  },
  {
    "name": "Account108",
    "id": "767409",
    "type": "HCO",
    "territory": "North",
    "speciality": "Speciality8"
  },
  {
    "name": "Account109",
    "id": "203153",
    "type": "HCP",
    "territory": "South",
    "speciality": "Speciality8"
  },
  {
    "name": "Account110",
    "id": "888592",
    "type": "HCO",
    "territory": "East",
    "speciality": "Speciality3"
  },
  {
    "name": "Account111",
    "id": "67012",
    "type": "HCP",
    "territory": "East",
    "speciality": "Speciality7"
  },
  {
    "name": "Account112",
    "id": "923379",
    "type": "HCP",
    "territory": "North",
    "speciality": "Speciality0"
  },
  {
    "name": "Account113",
    "id": "659827",
    "type": "HCP",
    "territory": "South",
    "speciality": "Speciality9"
  },
  {
    "name": "Account114",
    "id": "347054",
    "type": "HCO",
    "territory": "South",
    "speciality": "Speciality7"
  },
  {
    "name": "Account115",
    "id": "976787",
    "type": "HCP",
    "territory": "East",
    "speciality": "Speciality6"
  },
  {
    "name": "Account116",
    "id": "173826",
    "type": "HCO",
    "territory": "North",
    "speciality": "Speciality4"
  },
  {
    "name": "Account117",
    "id": "273821",
    "type": "HCO",
    "territory": "East",
    "speciality": "Speciality7"
  },
  {
    "name": "Account118",
    "id": "933259",
    "type": "HCP",
    "territory": "South",
    "speciality": "Speciality7"
  },
  {
    "name": "Account119",
    "id": "158767",
    "type": "HCP",
    "territory": "East",
    "speciality": "Speciality6"
  },
  {
    "name": "Account120",
    "id": "154825",
    "type": "HCO",
    "territory": "East",
    "speciality": "Speciality2"
  },
  {
    "name": "Account121",
    "id": "55784",
    "type": "HCO",
    "territory": "North",
    "speciality": "Speciality9"
  },
  {
    "name": "Account122",
    "id": "858954",
    "type": "HCP",
    "territory": "North",
    "speciality": "Speciality9"
  },
  {
    "name": "Account123",
    "id": "13720",
    "type": "HCO",
    "territory": "South",
    "speciality": "Speciality6"
  },
  {
    "name": "Account124",
    "id": "352067",
    "type": "HCP",
    "territory": "West",
    "speciality": "Speciality2"
  },
  {
    "name": "Account125",
    "id": "878898",
    "type": "HCO",
    "territory": "East",
    "speciality": "Speciality0"
  },
  {
    "name": "Account126",
    "id": "362608",
    "type": "HCP",
    "territory": "North",
    "speciality": "Speciality1"
  },
  {
    "name": "Account127",
    "id": "942018",
    "type": "HCP",
    "territory": "South",
    "speciality": "Speciality1"
  },
  {
    "name": "Account128",
    "id": "314550",
    "type": "HCO",
    "territory": "West",
    "speciality": "Speciality1"
  },
  {
    "name": "Account129",
    "id": "946055",
    "type": "HCO",
    "territory": "South",
    "speciality": "Speciality7"
  },
  {
    "name": "Account130",
    "id": "209172",
    "type": "HCO",
    "territory": "West",
    "speciality": "Speciality5"
  },
  {
    "name": "Account131",
    "id": "986016",
    "type": "HCO",
    "territory": "East",
    "speciality": "Speciality9"
  },
  {
    "name": "Account132",
    "id": "573100",
    "type": "HCO",
    "territory": "North",
    "speciality": "Speciality3"
  },
  {
    "name": "Account133",
    "id": "837536",
    "type": "HCO",
    "territory": "North",
    "speciality": "Speciality7"
  },
  {
    "name": "Account134",
    "id": "683103",
    "type": "HCO",
    "territory": "North",
    "speciality": "Speciality3"
  },
  {
    "name": "Account135",
    "id": "90967",
    "type": "HCO",
    "territory": "North",
    "speciality": "Speciality9"
  },
  {
    "name": "Account136",
    "id": "887236",
    "type": "HCO",
    "territory": "East",
    "speciality": "Speciality3"
  },
  {
    "name": "Account137",
    "id": "743866",
    "type": "HCO",
    "territory": "West",
    "speciality": "Speciality6"
  },
  {
    "name": "Account138",
    "id": "661595",
    "type": "HCO",
    "territory": "East",
    "speciality": "Speciality8"
  },
  {
    "name": "Account139",
    "id": "209129",
    "type": "HCP",
    "territory": "South",
    "speciality": "Speciality9"
  },
  {
    "name": "Account140",
    "id": "625698",
    "type": "HCP",
    "territory": "North",
    "speciality": "Speciality7"
  },
  {
    "name": "Account141",
    "id": "314569",
    "type": "HCP",
    "territory": "North",
    "speciality": "Speciality5"
  },
  {
    "name": "Account142",
    "id": "110997",
    "type": "HCO",
    "territory": "West",
    "speciality": "Speciality0"
  },
  {
    "name": "Account143",
    "id": "753954",
    "type": "HCP",
    "territory": "North",
    "speciality": "Speciality4"
  },
  {
    "name": "Account144",
    "id": "44824",
    "type": "HCO",
    "territory": "East",
    "speciality": "Speciality1"
  },
  {
    "name": "Account145",
    "id": "695743",
    "type": "HCP",
    "territory": "North",
    "speciality": "Speciality9"
  },
  {
    "name": "Account146",
    "id": "170847",
    "type": "HCP",
    "territory": "South",
    "speciality": "Speciality1"
  },
  {
    "name": "Account147",
    "id": "133398",
    "type": "HCO",
    "territory": "East",
    "speciality": "Speciality8"
  },
  {
    "name": "Account148",
    "id": "22652",
    "type": "HCP",
    "territory": "South",
    "speciality": "Speciality8"
  },
  {
    "name": "Account149",
    "id": "858842",
    "type": "HCO",
    "territory": "South",
    "speciality": "Speciality5"
  },
  {
    "name": "Account150",
    "id": "491030",
    "type": "HCP",
    "territory": "South",
    "speciality": "Speciality5"
  },
  {
    "name": "Account151",
    "id": "519593",
    "type": "HCO",
    "territory": "East",
    "speciality": "Speciality7"
  },
  {
    "name": "Account152",
    "id": "382413",
    "type": "HCO",
    "territory": "South",
    "speciality": "Speciality0"
  },
  {
    "name": "Account153",
    "id": "774208",
    "type": "HCP",
    "territory": "East",
    "speciality": "Speciality2"
  },
  {
    "name": "Account154",
    "id": "436610",
    "type": "HCO",
    "territory": "East",
    "speciality": "Speciality6"
  },
  {
    "name": "Account155",
    "id": "278999",
    "type": "HCP",
    "territory": "West",
    "speciality": "Speciality6"
  },
  {
    "name": "Account156",
    "id": "232143",
    "type": "HCP",
    "territory": "East",
    "speciality": "Speciality9"
  },
  {
    "name": "Account157",
    "id": "614641",
    "type": "HCO",
    "territory": "East",
    "speciality": "Speciality8"
  },
  {
    "name": "Account158",
    "id": "258286",
    "type": "HCO",
    "territory": "East",
    "speciality": "Speciality5"
  },
  {
    "name": "Account159",
    "id": "947095",
    "type": "HCP",
    "territory": "North",
    "speciality": "Speciality6"
  },
  {
    "name": "Account160",
    "id": "541564",
    "type": "HCP",
    "territory": "West",
    "speciality": "Speciality2"
  },
  {
    "name": "Account161",
    "id": "312306",
    "type": "HCP",
    "territory": "West",
    "speciality": "Speciality4"
  },
  {
    "name": "Account162",
    "id": "569121",
    "type": "HCO",
    "territory": "South",
    "speciality": "Speciality0"
  },
  {
    "name": "Account163",
    "id": "726651",
    "type": "HCP",
    "territory": "North",
    "speciality": "Speciality4"
  },
  {
    "name": "Account164",
    "id": "373755",
    "type": "HCP",
    "territory": "South",
    "speciality": "Speciality0"
  },
  {
    "name": "Account165",
    "id": "37863",
    "type": "HCP",
    "territory": "East",
    "speciality": "Speciality1"
  },
  {
    "name": "Account166",
    "id": "800266",
    "type": "HCO",
    "territory": "North",
    "speciality": "Speciality5"
  },
  {
    "name": "Account167",
    "id": "694603",
    "type": "HCP",
    "territory": "South",
    "speciality": "Speciality5"
  },
  {
    "name": "Account168",
    "id": "831716",
    "type": "HCP",
    "territory": "North",
    "speciality": "Speciality6"
  },
  {
    "name": "Account169",
    "id": "816016",
    "type": "HCP",
    "territory": "East",
    "speciality": "Speciality5"
  },
  {
    "name": "Account170",
    "id": "386699",
    "type": "HCP",
    "territory": "South",
    "speciality": "Speciality6"
  },
  {
    "name": "Account171",
    "id": "432110",
    "type": "HCP",
    "territory": "East",
    "speciality": "Speciality5"
  },
  {
    "name": "Account172",
    "id": "223344",
    "type": "HCP",
    "territory": "East",
    "speciality": "Speciality3"
  },
  {
    "name": "Account173",
    "id": "33526",
    "type": "HCP",
    "territory": "South",
    "speciality": "Speciality1"
  },
  {
    "name": "Account174",
    "id": "213666",
    "type": "HCO",
    "territory": "East",
    "speciality": "Speciality1"
  },
  {
    "name": "Account175",
    "id": "745514",
    "type": "HCP",
    "territory": "South",
    "speciality": "Speciality2"
  },
  {
    "name": "Account176",
    "id": "639567",
    "type": "HCP",
    "territory": "North",
    "speciality": "Speciality8"
  },
  {
    "name": "Account177",
    "id": "792126",
    "type": "HCP",
    "territory": "South",
    "speciality": "Speciality0"
  },
  {
    "name": "Account178",
    "id": "103724",
    "type": "HCP",
    "territory": "North",
    "speciality": "Speciality8"
  },
  {
    "name": "Account179",
    "id": "801443",
    "type": "HCO",
    "territory": "North",
    "speciality": "Speciality3"
  },
  {
    "name": "Account180",
    "id": "804405",
    "type": "HCP",
    "territory": "North",
    "speciality": "Speciality9"
  },
  {
    "name": "Account181",
    "id": "666339",
    "type": "HCO",
    "territory": "South",
    "speciality": "Speciality7"
  },
  {
    "name": "Account182",
    "id": "74975",
    "type": "HCP",
    "territory": "North",
    "speciality": "Speciality1"
  },
  {
    "name": "Account183",
    "id": "492246",
    "type": "HCO",
    "territory": "North",
    "speciality": "Speciality3"
  },
  {
    "name": "Account184",
    "id": "109691",
    "type": "HCP",
    "territory": "East",
    "speciality": "Speciality9"
  },
  {
    "name": "Account185",
    "id": "361366",
    "type": "HCP",
    "territory": "East",
    "speciality": "Speciality4"
  },
  {
    "name": "Account186",
    "id": "317583",
    "type": "HCP",
    "territory": "South",
    "speciality": "Speciality2"
  },
  {
    "name": "Account187",
    "id": "366128",
    "type": "HCP",
    "territory": "South",
    "speciality": "Speciality9"
  },
  {
    "name": "Account188",
    "id": "132391",
    "type": "HCO",
    "territory": "South",
    "speciality": "Speciality3"
  },
  {
    "name": "Account189",
    "id": "494147",
    "type": "HCP",
    "territory": "West",
    "speciality": "Speciality8"
  },
  {
    "name": "Account190",
    "id": "313749",
    "type": "HCO",
    "territory": "North",
    "speciality": "Speciality1"
  },
  {
    "name": "Account191",
    "id": "437834",
    "type": "HCP",
    "territory": "North",
    "speciality": "Speciality1"
  },
  {
    "name": "Account192",
    "id": "756943",
    "type": "HCO",
    "territory": "South",
    "speciality": "Speciality2"
  },
  {
    "name": "Account193",
    "id": "664679",
    "type": "HCO",
    "territory": "North",
    "speciality": "Speciality6"
  },
  {
    "name": "Account194",
    "id": "69239",
    "type": "HCP",
    "territory": "East",
    "speciality": "Speciality3"
  },
  {
    "name": "Account195",
    "id": "527871",
    "type": "HCP",
    "territory": "East",
    "speciality": "Speciality1"
  },
  {
    "name": "Account196",
    "id": "4561",
    "type": "HCP",
    "territory": "South",
    "speciality": "Speciality2"
  },
  {
    "name": "Account197",
    "id": "513685",
    "type": "HCO",
    "territory": "South",
    "speciality": "Speciality5"
  },
  {
    "name": "Account198",
    "id": "499738",
    "type": "HCO",
    "territory": "South",
    "speciality": "Speciality8"
  },
  {
    "name": "Account199",
    "id": "857396",
    "type": "HCO",
    "territory": "West",
    "speciality": "Speciality9"
  },
  {
    "name": "Account200",
    "id": "627696",
    "type": "HCP",
    "territory": "West",
    "speciality": "Speciality1"
  },
  {
    "name": "Account201",
    "id": "961630",
    "type": "HCO",
    "territory": "South",
    "speciality": "Speciality9"
  },
  {
    "name": "Account202",
    "id": "862146",
    "type": "HCP",
    "territory": "West",
    "speciality": "Speciality9"
  },
  {
    "name": "Account203",
    "id": "84702",
    "type": "HCO",
    "territory": "South",
    "speciality": "Speciality2"
  },
  {
    "name": "Account204",
    "id": "95596",
    "type": "HCO",
    "territory": "East",
    "speciality": "Speciality0"
  },
  {
    "name": "Account205",
    "id": "33146",
    "type": "HCP",
    "territory": "East",
    "speciality": "Speciality8"
  },
  {
    "name": "Account206",
    "id": "339716",
    "type": "HCO",
    "territory": "North",
    "speciality": "Speciality8"
  },
  {
    "name": "Account207",
    "id": "437684",
    "type": "HCO",
    "territory": "North",
    "speciality": "Speciality0"
  },
  {
    "name": "Account208",
    "id": "655106",
    "type": "HCO",
    "territory": "North",
    "speciality": "Speciality8"
  },
  {
    "name": "Account209",
    "id": "913306",
    "type": "HCO",
    "territory": "North",
    "speciality": "Speciality1"
  },
  {
    "name": "Account210",
    "id": "909650",
    "type": "HCO",
    "territory": "East",
    "speciality": "Speciality5"
  },
  {
    "name": "Account211",
    "id": "955765",
    "type": "HCP",
    "territory": "East",
    "speciality": "Speciality7"
  },
  {
    "name": "Account212",
    "id": "947201",
    "type": "HCP",
    "territory": "North",
    "speciality": "Speciality7"
  },
  {
    "name": "Account213",
    "id": "172774",
    "type": "HCP",
    "territory": "South",
    "speciality": "Speciality6"
  },
  {
    "name": "Account214",
    "id": "977762",
    "type": "HCP",
    "territory": "South",
    "speciality": "Speciality2"
  },
  {
    "name": "Account215",
    "id": "395385",
    "type": "HCO",
    "territory": "East",
    "speciality": "Speciality9"
  },
  {
    "name": "Account216",
    "id": "265510",
    "type": "HCP",
    "territory": "East",
    "speciality": "Speciality4"
  },
  {
    "name": "Account217",
    "id": "559483",
    "type": "HCO",
    "territory": "South",
    "speciality": "Speciality3"
  },
  {
    "name": "Account218",
    "id": "378328",
    "type": "HCO",
    "territory": "South",
    "speciality": "Speciality9"
  },
  {
    "name": "Account219",
    "id": "602667",
    "type": "HCP",
    "territory": "North",
    "speciality": "Speciality6"
  },
  {
    "name": "Account220",
    "id": "744584",
    "type": "HCO",
    "territory": "North",
    "speciality": "Speciality1"
  },
  {
    "name": "Account221",
    "id": "547796",
    "type": "HCP",
    "territory": "North",
    "speciality": "Speciality7"
  },
  {
    "name": "Account222",
    "id": "28803",
    "type": "HCP",
    "territory": "South",
    "speciality": "Speciality2"
  },
  {
    "name": "Account223",
    "id": "426859",
    "type": "HCO",
    "territory": "South",
    "speciality": "Speciality2"
  },
  {
    "name": "Account224",
    "id": "489592",
    "type": "HCO",
    "territory": "South",
    "speciality": "Speciality7"
  },
  {
    "name": "Account225",
    "id": "624958",
    "type": "HCO",
    "territory": "East",
    "speciality": "Speciality3"
  },
  {
    "name": "Account226",
    "id": "846721",
    "type": "HCP",
    "territory": "South",
    "speciality": "Speciality6"
  },
  {
    "name": "Account227",
    "id": "58853",
    "type": "HCP",
    "territory": "East",
    "speciality": "Speciality8"
  },
  {
    "name": "Account228",
    "id": "299578",
    "type": "HCO",
    "territory": "East",
    "speciality": "Speciality1"
  },
  {
    "name": "Account229",
    "id": "412875",
    "type": "HCP",
    "territory": "West",
    "speciality": "Speciality1"
  },
  {
    "name": "Account230",
    "id": "416273",
    "type": "HCO",
    "territory": "South",
    "speciality": "Speciality5"
  },
  {
    "name": "Account231",
    "id": "826451",
    "type": "HCO",
    "territory": "East",
    "speciality": "Speciality7"
  },
  {
    "name": "Account232",
    "id": "593920",
    "type": "HCO",
    "territory": "East",
    "speciality": "Speciality3"
  },
  {
    "name": "Account233",
    "id": "433215",
    "type": "HCP",
    "territory": "East",
    "speciality": "Speciality6"
  },
  {
    "name": "Account234",
    "id": "980318",
    "type": "HCO",
    "territory": "South",
    "speciality": "Speciality6"
  },
  {
    "name": "Account235",
    "id": "565527",
    "type": "HCO",
    "territory": "East",
    "speciality": "Speciality1"
  },
  {
    "name": "Account236",
    "id": "859451",
    "type": "HCP",
    "territory": "South",
    "speciality": "Speciality8"
  },
  {
    "name": "Account237",
    "id": "96790",
    "type": "HCO",
    "territory": "East",
    "speciality": "Speciality0"
  },
  {
    "name": "Account238",
    "id": "186652",
    "type": "HCP",
    "territory": "North",
    "speciality": "Speciality9"
  },
  {
    "name": "Account239",
    "id": "901685",
    "type": "HCP",
    "territory": "East",
    "speciality": "Speciality6"
  },
  {
    "name": "Account240",
    "id": "78289",
    "type": "HCO",
    "territory": "East",
    "speciality": "Speciality0"
  },
  {
    "name": "Account241",
    "id": "919962",
    "type": "HCO",
    "territory": "South",
    "speciality": "Speciality0"
  },
  {
    "name": "Account242",
    "id": "644275",
    "type": "HCO",
    "territory": "South",
    "speciality": "Speciality0"
  },
  {
    "name": "Account243",
    "id": "433945",
    "type": "HCO",
    "territory": "North",
    "speciality": "Speciality1"
  },
  {
    "name": "Account244",
    "id": "70892",
    "type": "HCO",
    "territory": "South",
    "speciality": "Speciality2"
  },
  {
    "name": "Account245",
    "id": "578562",
    "type": "HCP",
    "territory": "East",
    "speciality": "Speciality1"
  },
  {
    "name": "Account246",
    "id": "201617",
    "type": "HCO",
    "territory": "West",
    "speciality": "Speciality5"
  },
  {
    "name": "Account247",
    "id": "607643",
    "type": "HCP",
    "territory": "North",
    "speciality": "Speciality8"
  },
  {
    "name": "Account248",
    "id": "381051",
    "type": "HCO",
    "territory": "South",
    "speciality": "Speciality8"
  },
  {
    "name": "Account249",
    "id": "67830",
    "type": "HCO",
    "territory": "North",
    "speciality": "Speciality8"
  },
  {
    "name": "Account250",
    "id": "551217",
    "type": "HCO",
    "territory": "North",
    "speciality": "Speciality2"
  },
  {
    "name": "Account251",
    "id": "926155",
    "type": "HCO",
    "territory": "North",
    "speciality": "Speciality5"
  },
  {
    "name": "Account252",
    "id": "883600",
    "type": "HCP",
    "territory": "South",
    "speciality": "Speciality1"
  },
  {
    "name": "Account253",
    "id": "366325",
    "type": "HCP",
    "territory": "South",
    "speciality": "Speciality3"
  },
  {
    "name": "Account254",
    "id": "549619",
    "type": "HCP",
    "territory": "North",
    "speciality": "Speciality9"
  },
  {
    "name": "Account255",
    "id": "644734",
    "type": "HCO",
    "territory": "East",
    "speciality": "Speciality6"
  },
  {
    "name": "Account256",
    "id": "921101",
    "type": "HCO",
    "territory": "North",
    "speciality": "Speciality7"
  },
  {
    "name": "Account257",
    "id": "505884",
    "type": "HCO",
    "territory": "East",
    "speciality": "Speciality4"
  },
  {
    "name": "Account258",
    "id": "583659",
    "type": "HCO",
    "territory": "South",
    "speciality": "Speciality1"
  },
  {
    "name": "Account259",
    "id": "256578",
    "type": "HCO",
    "territory": "South",
    "speciality": "Speciality2"
  },
  {
    "name": "Account260",
    "id": "948698",
    "type": "HCO",
    "territory": "East",
    "speciality": "Speciality6"
  },
  {
    "name": "Account261",
    "id": "917919",
    "type": "HCP",
    "territory": "East",
    "speciality": "Speciality1"
  },
  {
    "name": "Account262",
    "id": "365929",
    "type": "HCP",
    "territory": "West",
    "speciality": "Speciality1"
  },
  {
    "name": "Account263",
    "id": "495752",
    "type": "HCP",
    "territory": "North",
    "speciality": "Speciality7"
  },
  {
    "name": "Account264",
    "id": "898173",
    "type": "HCP",
    "territory": "West",
    "speciality": "Speciality6"
  },
  {
    "name": "Account265",
    "id": "114556",
    "type": "HCO",
    "territory": "East",
    "speciality": "Speciality4"
  },
  {
    "name": "Account266",
    "id": "605804",
    "type": "HCO",
    "territory": "East",
    "speciality": "Speciality3"
  },
  {
    "name": "Account267",
    "id": "542737",
    "type": "HCP",
    "territory": "West",
    "speciality": "Speciality6"
  },
  {
    "name": "Account268",
    "id": "150775",
    "type": "HCP",
    "territory": "North",
    "speciality": "Speciality1"
  },
  {
    "name": "Account269",
    "id": "447482",
    "type": "HCP",
    "territory": "South",
    "speciality": "Speciality0"
  },
  {
    "name": "Account270",
    "id": "80459",
    "type": "HCO",
    "territory": "South",
    "speciality": "Speciality9"
  },
  {
    "name": "Account271",
    "id": "834630",
    "type": "HCP",
    "territory": "South",
    "speciality": "Speciality4"
  },
  {
    "name": "Account272",
    "id": "399696",
    "type": "HCO",
    "territory": "North",
    "speciality": "Speciality1"
  },
  {
    "name": "Account273",
    "id": "785087",
    "type": "HCP",
    "territory": "South",
    "speciality": "Speciality2"
  },
  {
    "name": "Account274",
    "id": "153689",
    "type": "HCO",
    "territory": "West",
    "speciality": "Speciality8"
  },
  {
    "name": "Account275",
    "id": "937130",
    "type": "HCP",
    "territory": "North",
    "speciality": "Speciality0"
  },
  {
    "name": "Account276",
    "id": "972349",
    "type": "HCP",
    "territory": "North",
    "speciality": "Speciality7"
  },
  {
    "name": "Account277",
    "id": "492306",
    "type": "HCP",
    "territory": "North",
    "speciality": "Speciality8"
  },
  {
    "name": "Account278",
    "id": "916341",
    "type": "HCO",
    "territory": "South",
    "speciality": "Speciality2"
  },
  {
    "name": "Account279",
    "id": "712529",
    "type": "HCO",
    "territory": "East",
    "speciality": "Speciality6"
  },
  {
    "name": "Account280",
    "id": "724495",
    "type": "HCO",
    "territory": "East",
    "speciality": "Speciality6"
  },
  {
    "name": "Account281",
    "id": "319379",
    "type": "HCP",
    "territory": "North",
    "speciality": "Speciality9"
  },
  {
    "name": "Account282",
    "id": "478205",
    "type": "HCP",
    "territory": "East",
    "speciality": "Speciality6"
  },
  {
    "name": "Account283",
    "id": "350709",
    "type": "HCO",
    "territory": "North",
    "speciality": "Speciality8"
  },
  {
    "name": "Account284",
    "id": "346853",
    "type": "HCP",
    "territory": "East",
    "speciality": "Speciality5"
  },
  {
    "name": "Account285",
    "id": "992327",
    "type": "HCP",
    "territory": "West",
    "speciality": "Speciality1"
  },
  {
    "name": "Account286",
    "id": "816501",
    "type": "HCO",
    "territory": "West",
    "speciality": "Speciality5"
  },
  {
    "name": "Account287",
    "id": "100306",
    "type": "HCO",
    "territory": "East",
    "speciality": "Speciality2"
  },
  {
    "name": "Account288",
    "id": "941766",
    "type": "HCO",
    "territory": "North",
    "speciality": "Speciality1"
  },
  {
    "name": "Account289",
    "id": "619045",
    "type": "HCP",
    "territory": "West",
    "speciality": "Speciality9"
  },
  {
    "name": "Account290",
    "id": "218622",
    "type": "HCO",
    "territory": "South",
    "speciality": "Speciality3"
  },
  {
    "name": "Account291",
    "id": "345198",
    "type": "HCO",
    "territory": "East",
    "speciality": "Speciality1"
  },
  {
    "name": "Account292",
    "id": "483067",
    "type": "HCO",
    "territory": "West",
    "speciality": "Speciality8"
  },
  {
    "name": "Account293",
    "id": "417797",
    "type": "HCO",
    "territory": "North",
    "speciality": "Speciality1"
  },
  {
    "name": "Account294",
    "id": "183464",
    "type": "HCP",
    "territory": "West",
    "speciality": "Speciality8"
  },
  {
    "name": "Account295",
    "id": "977099",
    "type": "HCP",
    "territory": "North",
    "speciality": "Speciality2"
  },
  {
    "name": "Account296",
    "id": "360133",
    "type": "HCP",
    "territory": "West",
    "speciality": "Speciality7"
  },
  {
    "name": "Account297",
    "id": "335729",
    "type": "HCO",
    "territory": "North",
    "speciality": "Speciality2"
  },
  {
    "name": "Account298",
    "id": "233254",
    "type": "HCO",
    "territory": "South",
    "speciality": "Speciality1"
  },
  {
    "name": "Account299",
    "id": "856539",
    "type": "HCO",
    "territory": "East",
    "speciality": "Speciality4"
  },
  {
    "name": "Account300",
    "id": "543375",
    "type": "HCO",
    "territory": "North",
    "speciality": "Speciality2"
  },
  {
    "name": "Account301",
    "id": "939428",
    "type": "HCP",
    "territory": "East",
    "speciality": "Speciality7"
  },
  {
    "name": "Account302",
    "id": "528036",
    "type": "HCO",
    "territory": "East",
    "speciality": "Speciality9"
  },
  {
    "name": "Account303",
    "id": "874675",
    "type": "HCO",
    "territory": "South",
    "speciality": "Speciality4"
  },
  {
    "name": "Account304",
    "id": "877730",
    "type": "HCO",
    "territory": "East",
    "speciality": "Speciality7"
  },
  {
    "name": "Account305",
    "id": "295091",
    "type": "HCO",
    "territory": "North",
    "speciality": "Speciality5"
  },
  {
    "name": "Account306",
    "id": "691224",
    "type": "HCO",
    "territory": "South",
    "speciality": "Speciality3"
  },
  {
    "name": "Account307",
    "id": "851107",
    "type": "HCP",
    "territory": "East",
    "speciality": "Speciality1"
  },
  {
    "name": "Account308",
    "id": "122211",
    "type": "HCP",
    "territory": "North",
    "speciality": "Speciality2"
  },
  {
    "name": "Account309",
    "id": "259025",
    "type": "HCO",
    "territory": "South",
    "speciality": "Speciality5"
  },
  {
    "name": "Account310",
    "id": "67794",
    "type": "HCP",
    "territory": "East",
    "speciality": "Speciality9"
  },
  {
    "name": "Account311",
    "id": "536427",
    "type": "HCP",
    "territory": "North",
    "speciality": "Speciality8"
  },
  {
    "name": "Account312",
    "id": "86287",
    "type": "HCO",
    "territory": "North",
    "speciality": "Speciality4"
  },
  {
    "name": "Account313",
    "id": "784483",
    "type": "HCP",
    "territory": "South",
    "speciality": "Speciality0"
  },
  {
    "name": "Account314",
    "id": "455716",
    "type": "HCP",
    "territory": "South",
    "speciality": "Speciality4"
  },
  {
    "name": "Account315",
    "id": "280302",
    "type": "HCO",
    "territory": "East",
    "speciality": "Speciality6"
  },
  {
    "name": "Account316",
    "id": "285551",
    "type": "HCO",
    "territory": "North",
    "speciality": "Speciality9"
  },
  {
    "name": "Account317",
    "id": "518555",
    "type": "HCO",
    "territory": "West",
    "speciality": "Speciality4"
  },
  {
    "name": "Account318",
    "id": "630577",
    "type": "HCO",
    "territory": "North",
    "speciality": "Speciality2"
  },
  {
    "name": "Account319",
    "id": "254161",
    "type": "HCO",
    "territory": "East",
    "speciality": "Speciality4"
  },
  {
    "name": "Account320",
    "id": "265691",
    "type": "HCO",
    "territory": "West",
    "speciality": "Speciality2"
  },
  {
    "name": "Account321",
    "id": "678983",
    "type": "HCO",
    "territory": "North",
    "speciality": "Speciality5"
  },
  {
    "name": "Account322",
    "id": "344783",
    "type": "HCP",
    "territory": "North",
    "speciality": "Speciality5"
  },
  {
    "name": "Account323",
    "id": "159848",
    "type": "HCO",
    "territory": "West",
    "speciality": "Speciality7"
  },
  {
    "name": "Account324",
    "id": "169636",
    "type": "HCP",
    "territory": "East",
    "speciality": "Speciality4"
  },
  {
    "name": "Account325",
    "id": "123121",
    "type": "HCP",
    "territory": "South",
    "speciality": "Speciality6"
  },
  {
    "name": "Account326",
    "id": "300356",
    "type": "HCP",
    "territory": "East",
    "speciality": "Speciality1"
  },
  {
    "name": "Account327",
    "id": "485346",
    "type": "HCO",
    "territory": "East",
    "speciality": "Speciality1"
  },
  {
    "name": "Account328",
    "id": "644085",
    "type": "HCP",
    "territory": "South",
    "speciality": "Speciality6"
  },
  {
    "name": "Account329",
    "id": "16402",
    "type": "HCO",
    "territory": "East",
    "speciality": "Speciality6"
  },
  {
    "name": "Account330",
    "id": "633379",
    "type": "HCP",
    "territory": "South",
    "speciality": "Speciality9"
  },
  {
    "name": "Account331",
    "id": "708356",
    "type": "HCP",
    "territory": "South",
    "speciality": "Speciality5"
  },
  {
    "name": "Account332",
    "id": "944021",
    "type": "HCP",
    "territory": "West",
    "speciality": "Speciality6"
  },
  {
    "name": "Account333",
    "id": "57780",
    "type": "HCP",
    "territory": "West",
    "speciality": "Speciality2"
  },
  {
    "name": "Account334",
    "id": "906683",
    "type": "HCP",
    "territory": "West",
    "speciality": "Speciality3"
  },
  {
    "name": "Account335",
    "id": "666894",
    "type": "HCP",
    "territory": "East",
    "speciality": "Speciality1"
  },
  {
    "name": "Account336",
    "id": "945621",
    "type": "HCO",
    "territory": "East",
    "speciality": "Speciality5"
  },
  {
    "name": "Account337",
    "id": "806288",
    "type": "HCP",
    "territory": "East",
    "speciality": "Speciality0"
  },
  {
    "name": "Account338",
    "id": "510187",
    "type": "HCO",
    "territory": "South",
    "speciality": "Speciality6"
  },
  {
    "name": "Account339",
    "id": "297060",
    "type": "HCO",
    "territory": "South",
    "speciality": "Speciality8"
  },
  {
    "name": "Account340",
    "id": "791872",
    "type": "HCO",
    "territory": "East",
    "speciality": "Speciality3"
  },
  {
    "name": "Account341",
    "id": "91223",
    "type": "HCO",
    "territory": "North",
    "speciality": "Speciality1"
  },
  {
    "name": "Account342",
    "id": "710360",
    "type": "HCO",
    "territory": "West",
    "speciality": "Speciality6"
  },
  {
    "name": "Account343",
    "id": "439732",
    "type": "HCO",
    "territory": "East",
    "speciality": "Speciality1"
  },
  {
    "name": "Account344",
    "id": "610841",
    "type": "HCP",
    "territory": "North",
    "speciality": "Speciality4"
  },
  {
    "name": "Account345",
    "id": "928442",
    "type": "HCO",
    "territory": "North",
    "speciality": "Speciality8"
  },
  {
    "name": "Account346",
    "id": "483726",
    "type": "HCP",
    "territory": "East",
    "speciality": "Speciality9"
  },
  {
    "name": "Account347",
    "id": "42834",
    "type": "HCO",
    "territory": "North",
    "speciality": "Speciality4"
  },
  {
    "name": "Account348",
    "id": "354328",
    "type": "HCP",
    "territory": "East",
    "speciality": "Speciality0"
  },
  {
    "name": "Account349",
    "id": "881678",
    "type": "HCP",
    "territory": "South",
    "speciality": "Speciality6"
  },
  {
    "name": "Account350",
    "id": "981068",
    "type": "HCP",
    "territory": "West",
    "speciality": "Speciality4"
  },
  {
    "name": "Account351",
    "id": "407455",
    "type": "HCP",
    "territory": "West",
    "speciality": "Speciality0"
  },
  {
    "name": "Account352",
    "id": "40467",
    "type": "HCP",
    "territory": "South",
    "speciality": "Speciality2"
  },
  {
    "name": "Account353",
    "id": "296140",
    "type": "HCP",
    "territory": "South",
    "speciality": "Speciality5"
  },
  {
    "name": "Account354",
    "id": "480652",
    "type": "HCO",
    "territory": "East",
    "speciality": "Speciality9"
  },
  {
    "name": "Account355",
    "id": "204869",
    "type": "HCP",
    "territory": "North",
    "speciality": "Speciality9"
  },
  {
    "name": "Account356",
    "id": "295170",
    "type": "HCO",
    "territory": "North",
    "speciality": "Speciality2"
  },
  {
    "name": "Account357",
    "id": "355723",
    "type": "HCP",
    "territory": "South",
    "speciality": "Speciality1"
  },
  {
    "name": "Account358",
    "id": "864460",
    "type": "HCP",
    "territory": "East",
    "speciality": "Speciality3"
  },
  {
    "name": "Account359",
    "id": "76964",
    "type": "HCO",
    "territory": "North",
    "speciality": "Speciality8"
  },
  {
    "name": "Account360",
    "id": "562098",
    "type": "HCP",
    "territory": "South",
    "speciality": "Speciality5"
  },
  {
    "name": "Account361",
    "id": "565511",
    "type": "HCO",
    "territory": "South",
    "speciality": "Speciality1"
  },
  {
    "name": "Account362",
    "id": "650856",
    "type": "HCO",
    "territory": "North",
    "speciality": "Speciality9"
  },
  {
    "name": "Account363",
    "id": "113958",
    "type": "HCP",
    "territory": "East",
    "speciality": "Speciality4"
  },
  {
    "name": "Account364",
    "id": "911265",
    "type": "HCO",
    "territory": "North",
    "speciality": "Speciality7"
  },
  {
    "name": "Account365",
    "id": "555574",
    "type": "HCP",
    "territory": "East",
    "speciality": "Speciality9"
  },
  {
    "name": "Account366",
    "id": "232362",
    "type": "HCO",
    "territory": "North",
    "speciality": "Speciality7"
  },
  {
    "name": "Account367",
    "id": "24139",
    "type": "HCP",
    "territory": "North",
    "speciality": "Speciality5"
  },
  {
    "name": "Account368",
    "id": "684093",
    "type": "HCP",
    "territory": "East",
    "speciality": "Speciality6"
  },
  {
    "name": "Account369",
    "id": "294671",
    "type": "HCP",
    "territory": "East",
    "speciality": "Speciality1"
  },
  {
    "name": "Account370",
    "id": "796059",
    "type": "HCO",
    "territory": "East",
    "speciality": "Speciality4"
  },
  {
    "name": "Account371",
    "id": "452424",
    "type": "HCO",
    "territory": "East",
    "speciality": "Speciality5"
  },
  {
    "name": "Account372",
    "id": "3079",
    "type": "HCP",
    "territory": "East",
    "speciality": "Speciality7"
  },
  {
    "name": "Account373",
    "id": "452920",
    "type": "HCO",
    "territory": "East",
    "speciality": "Speciality3"
  },
  {
    "name": "Account374",
    "id": "64543",
    "type": "HCO",
    "territory": "North",
    "speciality": "Speciality1"
  },
  {
    "name": "Account375",
    "id": "638092",
    "type": "HCP",
    "territory": "North",
    "speciality": "Speciality2"
  },
  {
    "name": "Account376",
    "id": "751797",
    "type": "HCP",
    "territory": "North",
    "speciality": "Speciality5"
  },
  {
    "name": "Account377",
    "id": "38079",
    "type": "HCP",
    "territory": "North",
    "speciality": "Speciality5"
  },
  {
    "name": "Account378",
    "id": "681484",
    "type": "HCO",
    "territory": "South",
    "speciality": "Speciality4"
  },
  {
    "name": "Account379",
    "id": "854180",
    "type": "HCO",
    "territory": "North",
    "speciality": "Speciality4"
  },
  {
    "name": "Account380",
    "id": "45245",
    "type": "HCO",
    "territory": "West",
    "speciality": "Speciality3"
  },
  {
    "name": "Account381",
    "id": "89427",
    "type": "HCO",
    "territory": "South",
    "speciality": "Speciality8"
  },
  {
    "name": "Account382",
    "id": "966318",
    "type": "HCP",
    "territory": "South",
    "speciality": "Speciality9"
  },
  {
    "name": "Account383",
    "id": "86670",
    "type": "HCP",
    "territory": "West",
    "speciality": "Speciality6"
  },
  {
    "name": "Account384",
    "id": "251125",
    "type": "HCO",
    "territory": "North",
    "speciality": "Speciality3"
  },
  {
    "name": "Account385",
    "id": "350491",
    "type": "HCP",
    "territory": "South",
    "speciality": "Speciality4"
  },
  {
    "name": "Account386",
    "id": "369676",
    "type": "HCP",
    "territory": "North",
    "speciality": "Speciality6"
  },
  {
    "name": "Account387",
    "id": "920597",
    "type": "HCO",
    "territory": "South",
    "speciality": "Speciality8"
  },
  {
    "name": "Account388",
    "id": "635878",
    "type": "HCP",
    "territory": "East",
    "speciality": "Speciality0"
  },
  {
    "name": "Account389",
    "id": "714501",
    "type": "HCO",
    "territory": "South",
    "speciality": "Speciality3"
  },
  {
    "name": "Account390",
    "id": "209430",
    "type": "HCP",
    "territory": "North",
    "speciality": "Speciality3"
  },
  {
    "name": "Account391",
    "id": "677043",
    "type": "HCO",
    "territory": "North",
    "speciality": "Speciality7"
  },
  {
    "name": "Account392",
    "id": "151538",
    "type": "HCP",
    "territory": "South",
    "speciality": "Speciality0"
  },
  {
    "name": "Account393",
    "id": "339208",
    "type": "HCP",
    "territory": "South",
    "speciality": "Speciality2"
  },
  {
    "name": "Account394",
    "id": "216497",
    "type": "HCP",
    "territory": "North",
    "speciality": "Speciality4"
  },
  {
    "name": "Account395",
    "id": "966166",
    "type": "HCO",
    "territory": "East",
    "speciality": "Speciality6"
  },
  {
    "name": "Account396",
    "id": "850037",
    "type": "HCP",
    "territory": "North",
    "speciality": "Speciality5"
  },
  {
    "name": "Account397",
    "id": "961024",
    "type": "HCO",
    "territory": "South",
    "speciality": "Speciality2"
  },
  {
    "name": "Account398",
    "id": "573900",
    "type": "HCP",
    "territory": "North",
    "speciality": "Speciality2"
  },
  {
    "name": "Account399",
    "id": "599567",
    "type": "HCP",
    "territory": "South",
    "speciality": "Speciality2"
  },
  {
    "name": "Account400",
    "id": "321354",
    "type": "HCO",
    "territory": "North",
    "speciality": "Speciality7"
  },
  {
    "name": "Account401",
    "id": "340906",
    "type": "HCP",
    "territory": "South",
    "speciality": "Speciality6"
  },
  {
    "name": "Account402",
    "id": "284082",
    "type": "HCP",
    "territory": "East",
    "speciality": "Speciality3"
  },
  {
    "name": "Account403",
    "id": "311114",
    "type": "HCO",
    "territory": "South",
    "speciality": "Speciality1"
  },
  {
    "name": "Account404",
    "id": "932104",
    "type": "HCO",
    "territory": "West",
    "speciality": "Speciality4"
  },
  {
    "name": "Account405",
    "id": "949437",
    "type": "HCO",
    "territory": "East",
    "speciality": "Speciality9"
  },
  {
    "name": "Account406",
    "id": "266998",
    "type": "HCP",
    "territory": "North",
    "speciality": "Speciality3"
  },
  {
    "name": "Account407",
    "id": "68297",
    "type": "HCP",
    "territory": "North",
    "speciality": "Speciality7"
  },
  {
    "name": "Account408",
    "id": "388529",
    "type": "HCO",
    "territory": "North",
    "speciality": "Speciality2"
  },
  {
    "name": "Account409",
    "id": "323216",
    "type": "HCO",
    "territory": "North",
    "speciality": "Speciality1"
  },
  {
    "name": "Account410",
    "id": "162173",
    "type": "HCO",
    "territory": "North",
    "speciality": "Speciality7"
  },
  {
    "name": "Account411",
    "id": "346161",
    "type": "HCP",
    "territory": "East",
    "speciality": "Speciality0"
  },
  {
    "name": "Account412",
    "id": "919415",
    "type": "HCP",
    "territory": "South",
    "speciality": "Speciality4"
  },
  {
    "name": "Account413",
    "id": "407266",
    "type": "HCO",
    "territory": "East",
    "speciality": "Speciality3"
  },
  {
    "name": "Account414",
    "id": "951579",
    "type": "HCO",
    "territory": "East",
    "speciality": "Speciality4"
  },
  {
    "name": "Account415",
    "id": "671223",
    "type": "HCO",
    "territory": "West",
    "speciality": "Speciality5"
  },
  {
    "name": "Account416",
    "id": "811715",
    "type": "HCO",
    "territory": "East",
    "speciality": "Speciality8"
  },
  {
    "name": "Account417",
    "id": "665193",
    "type": "HCP",
    "territory": "North",
    "speciality": "Speciality0"
  },
  {
    "name": "Account418",
    "id": "486206",
    "type": "HCP",
    "territory": "North",
    "speciality": "Speciality1"
  },
  {
    "name": "Account419",
    "id": "155789",
    "type": "HCP",
    "territory": "North",
    "speciality": "Speciality2"
  },
  {
    "name": "Account420",
    "id": "88243",
    "type": "HCO",
    "territory": "South",
    "speciality": "Speciality9"
  },
  {
    "name": "Account421",
    "id": "229798",
    "type": "HCO",
    "territory": "East",
    "speciality": "Speciality4"
  },
  {
    "name": "Account422",
    "id": "379563",
    "type": "HCO",
    "territory": "North",
    "speciality": "Speciality2"
  },
  {
    "name": "Account423",
    "id": "736410",
    "type": "HCP",
    "territory": "West",
    "speciality": "Speciality9"
  },
  {
    "name": "Account424",
    "id": "405847",
    "type": "HCO",
    "territory": "South",
    "speciality": "Speciality1"
  },
  {
    "name": "Account425",
    "id": "22337",
    "type": "HCP",
    "territory": "West",
    "speciality": "Speciality3"
  },
  {
    "name": "Account426",
    "id": "184712",
    "type": "HCP",
    "territory": "South",
    "speciality": "Speciality2"
  },
  {
    "name": "Account427",
    "id": "63594",
    "type": "HCP",
    "territory": "West",
    "speciality": "Speciality6"
  },
  {
    "name": "Account428",
    "id": "607643",
    "type": "HCO",
    "territory": "North",
    "speciality": "Speciality4"
  },
  {
    "name": "Account429",
    "id": "642308",
    "type": "HCP",
    "territory": "South",
    "speciality": "Speciality1"
  },
  {
    "name": "Account430",
    "id": "341590",
    "type": "HCO",
    "territory": "North",
    "speciality": "Speciality2"
  },
  {
    "name": "Account431",
    "id": "280410",
    "type": "HCP",
    "territory": "West",
    "speciality": "Speciality7"
  },
  {
    "name": "Account432",
    "id": "396680",
    "type": "HCO",
    "territory": "West",
    "speciality": "Speciality0"
  },
  {
    "name": "Account433",
    "id": "221457",
    "type": "HCO",
    "territory": "North",
    "speciality": "Speciality6"
  },
  {
    "name": "Account434",
    "id": "98596",
    "type": "HCP",
    "territory": "East",
    "speciality": "Speciality3"
  },
  {
    "name": "Account435",
    "id": "14999",
    "type": "HCP",
    "territory": "East",
    "speciality": "Speciality3"
  },
  {
    "name": "Account436",
    "id": "774270",
    "type": "HCP",
    "territory": "North",
    "speciality": "Speciality6"
  },
  {
    "name": "Account437",
    "id": "756177",
    "type": "HCP",
    "territory": "East",
    "speciality": "Speciality4"
  },
  {
    "name": "Account438",
    "id": "411437",
    "type": "HCO",
    "territory": "North",
    "speciality": "Speciality2"
  },
  {
    "name": "Account439",
    "id": "5539",
    "type": "HCO",
    "territory": "South",
    "speciality": "Speciality8"
  },
  {
    "name": "Account440",
    "id": "331866",
    "type": "HCP",
    "territory": "East",
    "speciality": "Speciality4"
  },
  {
    "name": "Account441",
    "id": "386907",
    "type": "HCO",
    "territory": "South",
    "speciality": "Speciality7"
  },
  {
    "name": "Account442",
    "id": "114177",
    "type": "HCP",
    "territory": "North",
    "speciality": "Speciality7"
  },
  {
    "name": "Account443",
    "id": "413897",
    "type": "HCP",
    "territory": "South",
    "speciality": "Speciality1"
  },
  {
    "name": "Account444",
    "id": "291049",
    "type": "HCP",
    "territory": "East",
    "speciality": "Speciality1"
  },
  {
    "name": "Account445",
    "id": "260690",
    "type": "HCP",
    "territory": "North",
    "speciality": "Speciality1"
  },
  {
    "name": "Account446",
    "id": "262997",
    "type": "HCO",
    "territory": "South",
    "speciality": "Speciality0"
  },
  {
    "name": "Account447",
    "id": "203594",
    "type": "HCP",
    "territory": "South",
    "speciality": "Speciality6"
  },
  {
    "name": "Account448",
    "id": "794764",
    "type": "HCO",
    "territory": "South",
    "speciality": "Speciality2"
  },
  {
    "name": "Account449",
    "id": "821048",
    "type": "HCO",
    "territory": "East",
    "speciality": "Speciality7"
  },
  {
    "name": "Account450",
    "id": "848692",
    "type": "HCP",
    "territory": "North",
    "speciality": "Speciality1"
  },
  {
    "name": "Account451",
    "id": "103470",
    "type": "HCO",
    "territory": "West",
    "speciality": "Speciality0"
  },
  {
    "name": "Account452",
    "id": "357914",
    "type": "HCO",
    "territory": "East",
    "speciality": "Speciality6"
  },
  {
    "name": "Account453",
    "id": "545394",
    "type": "HCP",
    "territory": "West",
    "speciality": "Speciality1"
  },
  {
    "name": "Account454",
    "id": "926962",
    "type": "HCO",
    "territory": "North",
    "speciality": "Speciality9"
  },
  {
    "name": "Account455",
    "id": "460336",
    "type": "HCO",
    "territory": "North",
    "speciality": "Speciality0"
  },
  {
    "name": "Account456",
    "id": "361446",
    "type": "HCP",
    "territory": "North",
    "speciality": "Speciality1"
  },
  {
    "name": "Account457",
    "id": "738506",
    "type": "HCO",
    "territory": "East",
    "speciality": "Speciality1"
  },
  {
    "name": "Account458",
    "id": "746120",
    "type": "HCO",
    "territory": "North",
    "speciality": "Speciality2"
  },
  {
    "name": "Account459",
    "id": "86041",
    "type": "HCO",
    "territory": "South",
    "speciality": "Speciality3"
  },
  {
    "name": "Account460",
    "id": "753331",
    "type": "HCO",
    "territory": "South",
    "speciality": "Speciality7"
  },
  {
    "name": "Account461",
    "id": "253951",
    "type": "HCO",
    "territory": "West",
    "speciality": "Speciality5"
  },
  {
    "name": "Account462",
    "id": "805284",
    "type": "HCO",
    "territory": "South",
    "speciality": "Speciality7"
  },
  {
    "name": "Account463",
    "id": "797903",
    "type": "HCP",
    "territory": "East",
    "speciality": "Speciality6"
  },
  {
    "name": "Account464",
    "id": "266858",
    "type": "HCO",
    "territory": "South",
    "speciality": "Speciality1"
  },
  {
    "name": "Account465",
    "id": "59832",
    "type": "HCO",
    "territory": "South",
    "speciality": "Speciality3"
  },
  {
    "name": "Account466",
    "id": "838101",
    "type": "HCP",
    "territory": "South",
    "speciality": "Speciality0"
  },
  {
    "name": "Account467",
    "id": "931826",
    "type": "HCO",
    "territory": "South",
    "speciality": "Speciality1"
  },
  {
    "name": "Account468",
    "id": "78438",
    "type": "HCO",
    "territory": "West",
    "speciality": "Speciality3"
  },
  {
    "name": "Account469",
    "id": "263149",
    "type": "HCO",
    "territory": "West",
    "speciality": "Speciality5"
  },
  {
    "name": "Account470",
    "id": "573984",
    "type": "HCO",
    "territory": "East",
    "speciality": "Speciality0"
  },
  {
    "name": "Account471",
    "id": "951857",
    "type": "HCO",
    "territory": "South",
    "speciality": "Speciality3"
  },
  {
    "name": "Account472",
    "id": "927943",
    "type": "HCP",
    "territory": "West",
    "speciality": "Speciality5"
  },
  {
    "name": "Account473",
    "id": "257727",
    "type": "HCO",
    "territory": "West",
    "speciality": "Speciality5"
  },
  {
    "name": "Account474",
    "id": "769157",
    "type": "HCP",
    "territory": "West",
    "speciality": "Speciality9"
  },
  {
    "name": "Account475",
    "id": "582999",
    "type": "HCP",
    "territory": "East",
    "speciality": "Speciality2"
  },
  {
    "name": "Account476",
    "id": "523150",
    "type": "HCP",
    "territory": "North",
    "speciality": "Speciality6"
  },
  {
    "name": "Account477",
    "id": "860022",
    "type": "HCP",
    "territory": "East",
    "speciality": "Speciality6"
  },
  {
    "name": "Account478",
    "id": "387074",
    "type": "HCO",
    "territory": "North",
    "speciality": "Speciality7"
  },
  {
    "name": "Account479",
    "id": "320150",
    "type": "HCO",
    "territory": "North",
    "speciality": "Speciality6"
  },
  {
    "name": "Account480",
    "id": "744865",
    "type": "HCP",
    "territory": "East",
    "speciality": "Speciality5"
  },
  {
    "name": "Account481",
    "id": "142279",
    "type": "HCO",
    "territory": "West",
    "speciality": "Speciality5"
  },
  {
    "name": "Account482",
    "id": "896811",
    "type": "HCP",
    "territory": "North",
    "speciality": "Speciality6"
  },
  {
    "name": "Account483",
    "id": "469522",
    "type": "HCP",
    "territory": "East",
    "speciality": "Speciality3"
  },
  {
    "name": "Account484",
    "id": "163451",
    "type": "HCP",
    "territory": "North",
    "speciality": "Speciality9"
  },
  {
    "name": "Account485",
    "id": "718063",
    "type": "HCP",
    "territory": "North",
    "speciality": "Speciality5"
  },
  {
    "name": "Account486",
    "id": "455319",
    "type": "HCO",
    "territory": "East",
    "speciality": "Speciality5"
  },
  {
    "name": "Account487",
    "id": "25542",
    "type": "HCO",
    "territory": "East",
    "speciality": "Speciality1"
  },
  {
    "name": "Account488",
    "id": "798089",
    "type": "HCO",
    "territory": "East",
    "speciality": "Speciality6"
  },
  {
    "name": "Account489",
    "id": "714916",
    "type": "HCP",
    "territory": "South",
    "speciality": "Speciality4"
  },
  {
    "name": "Account490",
    "id": "734722",
    "type": "HCP",
    "territory": "South",
    "speciality": "Speciality9"
  },
  {
    "name": "Account491",
    "id": "191437",
    "type": "HCO",
    "territory": "East",
    "speciality": "Speciality8"
  },
  {
    "name": "Account492",
    "id": "795127",
    "type": "HCP",
    "territory": "West",
    "speciality": "Speciality8"
  },
  {
    "name": "Account493",
    "id": "706625",
    "type": "HCO",
    "territory": "East",
    "speciality": "Speciality5"
  },
  {
    "name": "Account494",
    "id": "80284",
    "type": "HCO",
    "territory": "North",
    "speciality": "Speciality8"
  }, 
  {
    "name": "Account495",
    "id": "344002",
    "type": "HCP",
    "territory": "South",
    "speciality": "Speciality6"
  },
  {
    "name": "Account496",
    "id": "628694",
    "type": "HCO",
    "territory": "East",
    "speciality": "Speciality6"
  },
  {
    "name": "Account497",
    "id": "161190",
    "type": "HCO",
    "territory": "North",
    "speciality": "Speciality7"
  },
  {
    "name": "Account498",
    "id": "763022",
    "type": "HCO",
    "territory": "North",
    "speciality": "Speciality3"
  },
  {
    "name": "Account499",
    "id": "16694",
    "type": "HCP",
    "territory": "South",
    "speciality": "Speciality9"
  },
  {
    "name": "Account500",
    "id": "487221",
    "type": "HCO",
    "territory": "East",
    "speciality": "Speciality4"
  }
]