[
  {
    "territory": "South",
    "userName": "User1",
    "userId": "656190",
    "userProfile": "Profile1"
  },
  {
    "territory": "East",
    "userName": "User2",
    "userId": "188384",
    "userProfile": "Profile2"
  },
  {
    "territory": "South",
    "userName": "User3",
    "userId": "554308",
    "userProfile": "Profile3"
  },
  {
    "territory": "East",
    "userName": "User4",
    "userId": "382293",
    "userProfile": "Profile4"
  },
  {
    "territory": "West",
    "userName": "User5",
    "userId": "206201",
    "userProfile": "Profile5"
  },
  {
    "territory": "North",
    "userName": "User6",
    "userId": "141238",
    "userProfile": "Profile6"
  },
  {
    "territory": "North",
    "userName": "User7",
    "userId": "868454",
    "userProfile": "Profile7"
  }

]